time,currentData_1,currentData_2,currentData_3,currentData_4,currentData_5,currentData_6,currentData_7,currentData_8
01:59:42.220,0,-0.02,0,0,0,0.01,-0.01,-0.01
01:59:42.757,0,0.01,0,0,0,-0.01,0,-0.01
01:59:42.880,-0.01,0,0,0,0,0,0,0
01:59:43.053,0,0,0,-0.04,-0.02,0,0,0
01:59:43.093,0,0,0,0,0,0,0,0
01:59:43.272,-0.01,-0.01,0,-0.01,-0.03,-0.01,-0.01,0
01:59:43.289,-0.01,0.01,-0.01,-0.01,0.02,0.02,-0.01,-0.01
01:59:43.348,0,-0.01,0,0.02,0.01,0,0,0
01:59:43.361,0,-0.01,0,0,0,0,0,0
01:59:43.374,0.03,0.02,0.08,0.2,0.78,-0.02,0.03,0.1
01:59:43.388,-0.02,0,0.07,0.32,0.69,-0.03,-0.27,-0.18
01:59:43.402,0.01,-0.01,-0.19,-0.29,-0.54,0.01,-0.18,0.02
01:59:43.460,0.03,0.04,0.24,-0.37,-0.52,0.13,0.62,0.02
01:59:43.471,-0.29,-0.5,-1.27,-1.09,-0.16,0.12,0.07,-0.35
01:59:43.484,0.12,0.36,0.03,-0.96,-0.33,0.56,0.57,-0.07
01:59:43.496,0.12,0.36,0.03,-0.96,-0.33,0.56,0.57,-0.07
01:59:43.511,0.36,-0.13,0.85,-0.74,-0.68,-1.18,0.18,0.14
01:59:43.576,0.99,0.96,0.47,1.27,-0.05,0.14,-0.14,-0.15
01:59:43.591,-0.78,-0.9,1.21,-0.56,0.88,-0.35,0.1,0.82
01:59:43.607,-0.63,0.96,-0.81,0.41,-0.12,0.06,0.7,0.76
01:59:43.667,0.86,-0.25,0.95,0.43,-0.16,0.51,-0.58,0.35
01:59:43.680,0.86,-0.25,0.95,0.43,-0.16,0.51,-0.58,0.35
01:59:43.694,-0.02,-1.27,1,0.5,-0.7,-0.5,-0.48,-0.66
01:59:43.712,0.74,-0.04,-0.36,-1.04,-0.37,-0.35,-0.01,-0.4
01:59:43.773,-0.95,0,-0.52,1.27,0.47,-0.02,-0.13,0.2
01:59:43.786,-0.89,0.67,0.14,-1.07,-0.01,-0.21,0.57,0.9
01:59:43.800,-0.89,0.67,0.14,-1.07,-0.01,-0.21,0.57,0.9
01:59:43.813,0.86,0.85,-0.02,-0.33,0.29,0.01,0.08,0.73
01:59:43.871,0.11,-1.27,-0.02,-0.13,-0.54,0.21,0.64,0.25
01:59:43.885,0.39,0.32,0.03,0.2,-0.28,-0.15,-0.11,0.91
01:59:43.898,0.71,-0.03,0.01,1.23,-0.02,-0.42,-0.71,-0.96
01:59:43.911,0.18,-0.64,0.02,-0.16,-0.2,0.1,1.26,0.77
01:59:43.968,-0.17,0.58,0.02,0.76,0.91,0.28,0.7,-0.13
01:59:43.979,0.02,1,0,-1.27,-0.55,0.28,0.37,0.1
01:59:43.991,-0.27,-0.48,-0.08,0.96,-0.77,-0.24,-0.37,-0.12
01:59:44.004,1.27,0.14,-0.07,-0.1,-0.52,0.06,0,0.58
01:59:44.017,-0.85,-0.19,0.02,0.72,0.46,0.43,0.97,-0.38
01:59:44.068,-0.63,0.45,-0.01,-0.78,-0.69,-0.23,-0.32,-0.1
01:59:44.082,0.18,-0.76,0,-0.02,0.12,-0.2,0.1,-0.64
01:59:44.094,-0.62,-1.27,-0.01,-1.12,-0.42,-0.5,-0.44,-0.89
01:59:44.106,-0.16,-0.89,-0.02,-0.22,-0.34,-0.92,0.02,0.39
01:59:44.119,-0.05,-0.1,0.02,-0.73,-1.03,0.03,-0.15,0.25
01:59:44.172,-0.77,0.56,0.05,-1.09,-0.68,0.48,0.47,0.31
01:59:44.183,-0.92,-0.05,0,-0.07,-0.55,-0.09,-0.32,-0.14
01:59:44.194,0.99,-0.85,-0.01,-0.05,-0.24,0.36,0.46,0.8
01:59:44.208,-0.91,0.92,0,-0.88,-1.27,0.28,0.04,0.44
01:59:44.219,-0.91,0.92,0,-0.88,-1.27,0.28,0.04,0.44
01:59:44.270,0.18,0.03,-1.27,-0.42,0.65,0.35,-0.25,-0.44
01:59:44.281,0.83,0.13,-0.96,0.43,0.52,-0.41,-0.2,0.26
01:59:44.291,-0.84,-0.19,0.97,0.78,-0.06,0,0.13,-0.04
01:59:44.305,-0.46,0,0.88,0.06,-0.15,-0.01,-0.07,-0.43
01:59:44.317,0,-0.12,0.32,0.68,-0.7,-1.17,-0.14,0.29
01:59:44.329,-0.08,-0.37,0.94,-0.06,0.49,-0.71,0.31,0.31
01:59:44.380,-0.57,-0.2,0.44,-0.58,1.26,0.87,-0.52,-1
01:59:44.393,-0.21,-0.11,-0.09,-0.01,-0.03,1.27,0.06,-0.34
01:59:44.405,-0.21,-0.11,-0.09,-0.01,-0.03,1.27,0.06,-0.34
01:59:44.416,0.22,-0.07,-0.16,-0.15,0.28,-0.5,0.51,0
01:59:44.429,-0.61,-0.19,0.05,-0.11,-0.08,-0.62,-0.84,-0.37
01:59:44.440,-0.61,-0.19,0.05,-0.11,-0.08,-0.62,-0.84,-0.37
01:59:44.492,-0.11,-0.02,-0.02,0.02,-0.17,-0.6,-0.72,-0.38
01:59:44.503,-0.18,-0.35,-1.01,-0.39,-0.44,0.01,0.36,-0.09
01:59:44.516,0.02,0.12,0.06,0.41,-0.66,1.27,-0.16,0.24
01:59:44.529,-0.18,-0.1,-1.11,0.94,-0.26,1.27,0.57,-0.02
01:59:44.540,0.37,0.12,-0.42,-0.43,0.45,0.95,0.49,0.62
01:59:44.591,0.08,0.16,0.73,0.97,0.78,-0.81,-0.15,-0.37
01:59:44.604,0.08,0.16,0.73,0.97,0.78,-0.81,-0.15,-0.37
01:59:44.619,-0.42,-0.57,-0.21,0.16,0.01,0.71,0.16,0.22
01:59:44.632,0.09,-0.18,-0.97,-0.67,-1.27,-1,-0.1,0.23
01:59:44.686,0.17,0.19,0.09,0.03,-0.3,0.75,0.14,0
01:59:44.697,-0.32,-0.52,-0.66,-0.56,-0.45,-0.23,-0.18,0.08
01:59:44.710,-0.1,0.11,0.65,0.97,-0.33,0,-0.89,-0.15
01:59:44.723,-0.1,0.11,0.65,0.97,-0.33,0,-0.89,-0.15
01:59:44.736,-0.48,-0.11,-0.52,-0.86,-0.81,1.27,0.34,-0.2
01:59:44.749,0.36,-0.2,0.47,-0.76,0.59,0.09,-0.29,-0.05
01:59:44.799,-0.2,0.03,-1.02,-1,-1.04,0.17,-0.15,-0.09
01:59:44.813,0.03,-0.01,-0.13,-0.55,-0.03,0.1,0.02,0.15
01:59:44.825,0.41,0.21,0.97,0.68,-1.04,0.34,0.12,0.17
01:59:44.838,0.41,0.21,0.97,0.68,-1.04,0.34,0.12,0.17
01:59:44.850,0.16,0,-0.47,0.82,0,-0.47,0.55,0.09
01:59:44.903,-0.43,0.66,0.05,0.62,0.11,0.5,-0.13,-0.02
01:59:44.916,-0.01,-0.43,0.18,0.29,0.26,1.11,-0.41,-0.24
01:59:44.929,0.12,-0.02,0.52,1.23,0.33,0.85,1.27,0.96
01:59:44.953,-0.39,0.24,0.18,-0.4,0.06,-0.72,-1.27,-0.12
01:59:44.964,-0.15,-0.64,0.35,-0.31,-0.11,0.55,0.6,0.13
01:59:45.012,0.29,0.82,0.96,0.22,0.38,0.36,0.62,0.4
01:59:45.025,-0.41,-0.42,1.02,-0.92,-0.24,-0.4,0.06,-0.73
01:59:45.038,0.8,1,0.52,0.55,0.43,0.07,0.62,0.77
01:59:45.052,0.86,-0.59,-1.08,-1.27,-0.43,-0.1,0.48,-0.31
01:59:45.111,-0.86,0.26,-1.27,0.2,0.14,0.17,0.05,-1.04
01:59:45.124,0.9,0.38,1.15,-0.77,0.22,-0.09,0.24,0.8
01:59:45.136,-0.27,0.13,0.4,0.92,0.7,-0.03,-0.38,0.64
01:59:45.153,0.26,-0.32,-0.85,-0.45,-0.49,0.15,0.38,-0.41
01:59:45.166,-0.9,-0.44,-0.28,0.73,-0.19,0.08,0.17,1.02
01:59:45.224,-0.5,-0.08,0.26,-0.8,-0.31,0.03,-0.4,-0.52
01:59:45.238,-0.9,-1.22,-0.72,-1.2,-1.02,-0.03,-0.15,-0.94
01:59:45.252,1.27,1,1.27,1.11,1.27,0.17,-0.59,1.05
01:59:45.270,-0.11,1.13,0.25,-0.61,-0.37,-0.12,0.47,-0.15
01:59:45.329,1.23,1.05,-0.7,-0.35,-0.65,-0.12,-0.59,-0.76
01:59:45.346,0.01,0.51,-0.02,0.85,-0.04,0,1,-0.22
01:59:45.362,-0.11,-0.04,0.05,0.79,0.04,0.08,-0.22,-0.09
01:59:45.375,-0.15,0.03,-0.51,-0.31,-0.33,-0.23,-0.03,0.95
01:59:45.433,-0.66,-0.38,0.03,-1.13,0.06,-0.07,-0.04,0.46
01:59:45.447,0.95,0.6,0.17,-0.12,0.1,0.11,0.06,0.01
01:59:45.460,1.18,-0.69,0.41,-0.16,0.28,0.1,-0.3,-0.5
01:59:45.474,-0.1,-0.37,0.55,-0.27,-0.28,-0.16,0.13,-0.19
01:59:45.529,-0.49,-0.37,-0.5,-0.63,0.03,-0.05,0.11,0.14
01:59:45.544,0.54,-0.24,-0.54,0.29,-0.15,0.15,0.1,0.31
01:59:45.558,-0.39,0.11,-1.14,-0.22,-0.02,-0.11,0.31,0.47
01:59:45.572,0.2,0.01,0.57,0.88,0.24,-0.15,0.08,0.61
01:59:45.587,0.2,0.01,0.57,0.88,0.24,-0.15,0.08,0.61
01:59:45.598,-0.08,-0.23,-0.58,-0.52,-0.71,0.82,-0.17,-0.31
01:59:45.660,-0.07,-0.16,-1.19,-0.07,-0.06,-0.14,-0.16,-0.13
01:59:45.674,-0.08,-0.07,0.64,-0.14,-0.05,-0.05,-0.07,-0.07
01:59:45.688,-0.08,-0.01,1.03,0.02,-0.26,0.02,-0.05,-0.07
01:59:45.701,-0.08,-0.01,1.03,0.02,-0.26,0.02,-0.05,-0.07
01:59:45.760,0.08,0.01,-0.13,-0.11,-0.28,-0.28,0.08,0
01:59:45.774,-0.01,-0.09,-0.14,-0.03,0.07,-0.28,0,-0.06
01:59:45.786,0.01,0.1,0.01,0.04,-0.06,-0.18,0.04,0.05
01:59:45.853,-0.04,-0.03,-0.28,-0.05,-0.02,-0.07,0,-0.04
01:59:45.868,0.01,-0.05,0.06,0.02,0.02,-0.4,0.01,0.05
01:59:45.881,0.01,-0.05,0.06,0.02,0.02,-0.4,0.01,0.05
01:59:45.895,0,0,-0.1,0.01,-0.03,0,-0.03,-0.01
01:59:45.909,0,-0.03,0,0.01,0.07,0.12,0,0
01:59:45.966,-0.02,-0.17,-0.32,-0.05,0.08,0.61,-0.03,-0.05
01:59:45.978,-0.03,-0.06,-0.2,0,-0.13,-0.69,-0.05,-0.03
01:59:45.993,0,0.04,0.08,0.02,0.06,0.15,-0.02,0
01:59:46.007,0,0.04,0.08,0.02,0.06,0.15,-0.02,0
01:59:46.069,0.01,0.05,0.14,0.06,0.15,0.92,0,0
01:59:46.085,0,0,0.02,0.08,0.24,0.47,0.02,0
01:59:46.100,0,-0.02,0,-0.01,-0.28,0.25,0.02,0.02
01:59:46.170,0,0,0,-0.09,-0.35,1.18,0.07,0.04
01:59:46.189,-0.01,-0.01,-0.01,-0.2,-0.75,-0.85,-0.1,-0.02
01:59:46.269,0,0,0.02,0.1,-0.03,-0.87,0,-0.01
01:59:46.285,0.01,0.02,0,0,0,0.32,0,0
01:59:46.301,0,0,-0.01,-0.05,0.05,-0.47,-0.2,-0.02
01:59:46.360,-0.03,-0.04,-0.01,-0.19,-0.27,0.4,-0.13,0
01:59:46.372,0.04,0.06,0.1,0.18,0.17,-0.1,0.15,0.05
01:59:46.386,0,-0.01,0.02,-0.22,0.37,-0.06,0.38,0
01:59:46.400,-0.03,-0.08,0.36,0,-0.39,0.07,0.14,0.03
01:59:46.413,-0.01,0.04,0.59,0.41,0.82,-0.08,-0.81,-0.11
01:59:46.465,0.06,0,-0.24,0.58,0.11,-0.13,-0.74,0.08
01:59:46.476,-0.01,-0.03,0.19,0.25,-0.24,-0.48,0.06,-0.15
01:59:46.490,-0.01,-0.03,0.19,0.25,-0.24,-0.48,0.06,-0.15
01:59:46.503,0.13,0.18,0.45,0.95,0.67,-0.31,-0.21,0.19
01:59:46.559,0.03,0.11,0.17,-0.2,-0.18,-0.19,0.07,-0.01
01:59:46.570,-0.03,-0.04,-0.02,-0.39,0.12,0.65,0.79,-0.04
01:59:46.585,0,-0.01,-0.33,-0.4,-0.18,1.08,0.13,0.01
01:59:46.597,0.01,0.03,0.15,-0.33,-0.08,-0.63,0.19,0.03
01:59:46.611,-0.16,-0.21,-0.49,-0.46,-0.53,0.1,-0.05,-0.17
01:59:46.624,-0.07,0.06,-0.21,-0.89,-0.6,0.66,-1.24,-0.29
01:59:46.682,0.37,0.09,0.09,0.39,0.93,0.93,-0.05,0.18
01:59:46.697,-0.25,0.02,0.05,-0.48,0,-0.69,-0.3,-0.08
01:59:46.713,-0.25,0.02,0.05,-0.48,0,-0.69,-0.3,-0.08
01:59:46.780,-0.07,0.03,-0.25,-0.1,0.41,-0.17,0.99,0.16
01:59:46.794,0.08,0.17,0.56,0.06,-0.02,0,-0.08,-0.23
01:59:46.808,0.08,0.17,0.56,0.06,-0.02,0,-0.08,-0.23
01:59:46.824,-0.81,0.01,-0.36,-0.29,-0.3,0.45,-0.32,0.01
01:59:46.880,0.24,-0.47,-0.11,0.02,-0.16,0.48,0.7,0.07
01:59:46.896,-0.63,-0.28,0.11,0.19,0.57,-1.01,0.82,0.15
01:59:46.909,0.4,-0.37,-0.32,-0.06,0.1,-1.01,0.94,0.28
01:59:46.920,0.34,0.58,0.19,-0.88,-0.6,1.27,0.7,0.67
01:59:46.976,-0.03,-0.22,-0.24,-0.24,-0.32,-0.78,0.54,-0.13
01:59:46.989,-0.08,-0.23,0.01,0.18,-0.37,0.53,-0.21,0.05
01:59:47.002,-0.44,-0.2,-0.3,-0.42,-0.38,0,-0.62,-0.93
01:59:47.013,0.21,0.02,0.71,0.59,-0.08,0.07,0.05,0.88
01:59:47.026,-0.89,0.01,-0.09,-0.47,-0.37,-0.55,-0.43,0.08
01:59:47.092,0.72,0.19,0.02,0.3,0,0.1,0.02,-0.42
01:59:47.105,-0.11,-0.31,-0.07,-0.23,1.03,-0.47,-0.01,-0.05
01:59:47.119,-0.29,-0.02,-0.16,-0.12,-1.03,1.27,0.23,0
01:59:47.131,-0.38,-0.04,-0.19,-0.36,-0.89,-0.03,0.26,0.08
01:59:47.195,-0.44,-0.4,-0.12,0.12,0.21,0.3,0.25,-0.25
01:59:47.210,-0.32,-0.64,-0.02,0.18,0.26,0.07,-0.08,-0.2
01:59:47.227,0.78,-0.34,-0.03,0.38,0.37,0.3,0.41,0.61
01:59:47.241,0.29,0.09,-0.03,-0.26,0.15,0.1,0,-0.14
01:59:47.300,0.26,0.72,0.1,0.11,-0.2,-0.2,-0.12,-0.22
01:59:47.317,0.12,0.42,0.23,-0.22,-0.29,-0.24,-0.21,-0.36
01:59:47.334,0.35,0.67,0.11,0.1,0.08,-0.1,0.07,0.13
01:59:47.350,-0.11,-0.38,-0.08,0,0.12,0.05,0.13,0.24
01:59:47.411,-0.05,-0.01,0,-0.05,-0.05,0.18,0.04,0.03
01:59:47.425,-0.12,-0.05,0.01,0,0.07,-0.07,0.09,0.03
01:59:47.438,-0.04,0.04,0.06,0,-0.04,-0.31,-0.03,-0.04
01:59:47.453,0.01,0.05,0.17,0.59,0.62,-0.38,0.01,-0.04
01:59:47.515,0.01,0.01,0.06,0,0.02,-0.2,-0.07,-0.05
01:59:47.529,-0.04,-0.09,-0.09,-0.04,-0.01,0.29,-0.02,-0.02
01:59:47.547,0.01,0.03,0.08,0.07,0.18,0,0.09,0.03
01:59:47.562,0.03,0.02,0.07,-0.01,-0.17,-0.01,0.02,-0.18
01:59:47.624,-0.03,-0.01,-0.01,0,0.08,-0.04,-0.04,-0.03
01:59:47.638,-0.01,0,0.01,0,0.04,-0.01,-0.02,0
01:59:47.650,-0.01,0,0.01,0,0.04,-0.01,-0.02,0
01:59:47.664,0,0,0,0.01,0.04,0.05,0,0.04
01:59:47.720,0,0,0,0,0,-0.27,-0.01,-0.01
01:59:47.732,0,0,-0.01,0,0.02,-0.17,-0.04,0
01:59:47.745,-0.01,-0.03,0,0,0,-0.13,-0.04,-0.01
01:59:47.757,0.03,0,-0.01,0,-0.01,-0.04,-0.03,-0.01
01:59:47.773,-0.01,0,0,0,0.05,0.26,-0.05,-0.03
01:59:47.831,-0.08,-0.02,0,0,0.02,-0.12,-0.09,-0.03
01:59:47.844,-0.24,-0.04,0,0.01,0.06,-0.56,-0.04,0.05
01:59:47.857,-0.76,0,-0.01,0,-0.1,-0.4,-0.36,-0.09
01:59:47.870,0.06,0.01,0,0.01,0.04,-0.13,0,0.04
01:59:47.881,0.14,0,0,0.01,0.01,0.07,0.24,0.12
01:59:47.943,0.18,0.03,-0.03,-0.01,0.09,1.23,0.05,-0.08
01:59:47.957,-0.08,-0.03,0,0.01,0,-0.49,-0.05,-0.02
01:59:47.969,-0.08,-0.03,0,0.01,0,-0.49,-0.05,-0.02
01:59:47.982,-0.08,-0.03,0,0.01,0,-0.49,-0.05,-0.02
01:59:48.042,-0.05,0.03,0.02,0,-0.11,-0.95,0.37,0
01:59:48.056,0.29,-0.11,0.06,0.16,0.32,-0.18,-0.3,-0.13
01:59:48.069,-0.2,-0.14,-0.02,-0.02,-0.13,0.4,-0.24,0
01:59:48.083,-0.06,-0.08,-0.07,-0.06,0.41,-0.25,-0.21,0
01:59:48.144,-0.02,-0.27,0,0.02,-0.08,0.31,-0.05,-0.04
01:59:48.158,0.04,0.45,0.02,0.02,-0.04,0.1,-0.14,0
01:59:48.171,0.03,-0.1,-0.05,-0.27,-0.01,0.31,-0.04,0
01:59:48.187,-0.46,0.12,-0.02,-0.03,-0.2,0.01,-0.48,-0.11
01:59:48.250,-0.16,-0.16,0.01,0.03,0.07,0.29,-0.06,-0.09
01:59:48.265,0.13,-0.22,-0.06,-0.25,-0.06,0.24,-0.27,0.04
01:59:48.281,-0.02,-0.3,-0.01,0.05,0.02,-0.18,-0.2,0.03
01:59:48.353,0.06,0.79,0.02,-0.04,-0.18,-0.41,0.14,0
01:59:48.368,0.05,-0.03,-0.01,-0.05,-0.25,-0.2,0.01,-0.01
01:59:48.381,-0.03,-0.52,-0.04,-0.07,0.01,0.03,0.06,-0.04
01:59:48.452,0.03,-0.13,-0.03,-0.07,0.2,0.03,0.44,0.1
01:59:48.464,0.08,-0.11,0.01,0.07,0.04,0.15,0.18,0.05
01:59:48.477,0.16,-0.18,0,0.04,-0.05,-0.01,0.01,-0.05
01:59:48.489,0.2,0.04,0,0.04,0.1,0.04,-0.02,0.01
01:59:48.552,-0.31,-0.38,-0.01,0.03,0.21,-0.28,0.08,0
01:59:48.565,0.02,-0.07,0.01,0.06,0.07,0,0.19,0
01:59:48.581,0,-0.05,0.01,0.04,0.06,-0.06,0.03,0.03
01:59:48.595,0,-0.05,0.01,0.04,0.06,-0.06,0.03,0.03
01:59:48.658,-0.22,0.05,0,0,-0.03,-0.46,0.39,0
01:59:48.672,0.04,-0.02,-0.01,-0.02,-0.08,0,-0.01,-0.02
01:59:48.685,0,0.04,0,0.01,0.07,-0.2,-0.07,0.01
01:59:48.698,0.19,0.04,0,0,-0.01,-0.13,0.12,-0.05
01:59:48.758,-0.01,0.01,0,0.03,0.05,-0.12,0.05,0
01:59:48.771,-0.01,0.01,0,0.03,0.05,-0.12,0.05,0
01:59:48.782,-0.01,0.01,0,0.03,0.05,-0.12,0.05,0
01:59:48.797,0,0.05,0,0,-0.03,-0.01,0.12,0
01:59:48.861,0.01,0.01,0,-0.03,-0.08,-0.13,-0.01,-0.05
01:59:48.875,0.01,0.01,0,-0.03,-0.08,-0.13,-0.01,-0.05
01:59:48.888,0.01,-0.04,0.01,0,-0.01,-0.24,-0.88,-0.07
01:59:48.901,-0.23,0.2,-0.04,0.01,0.07,0.06,0.19,0.11
01:59:48.963,0.27,0.29,0.04,0.04,0.12,0.18,0.17,0.02
01:59:48.974,0.05,-0.17,-0.04,-0.02,-0.12,-0.64,-0.92,-0.16
01:59:48.988,-0.56,-0.17,-0.01,0.02,0.06,0.04,-0.15,0.08
01:59:49.000,0,0.15,0,-0.01,-0.1,-0.32,0.28,-0.01
01:59:49.012,0,0.15,0,-0.01,-0.1,-0.32,0.28,-0.01
01:59:49.064,-0.11,0.02,-0.02,-0.05,-0.08,-0.09,0.1,-0.05
01:59:49.079,0.02,0.21,-0.03,0,0.05,0.36,-0.54,-0.02
01:59:49.092,0.1,-0.19,-0.06,-0.03,-0.1,-0.15,-0.24,-0.04
01:59:49.110,0.1,-0.19,-0.06,-0.03,-0.1,-0.15,-0.24,-0.04
01:59:49.121,0.05,-0.04,-0.01,-0.01,-0.01,0.23,-0.13,0
01:59:49.176,-0.09,-0.03,-0.01,-0.04,-0.13,-0.33,0.09,-0.04
01:59:49.187,-0.04,0.01,0.01,0.01,-0.04,-0.38,-0.02,0
01:59:49.199,0,-0.04,-0.06,-0.05,-0.11,-0.01,0.13,-0.02
01:59:49.214,-0.06,-0.03,-0.02,-0.02,0.02,-0.07,-0.04,-0.01
01:59:49.227,0.02,0.06,0,0.01,0.06,-0.32,-0.09,-0.04
01:59:49.296,0.48,-0.26,-0.13,-0.13,-0.14,0.38,0.05,-0.18
01:59:49.308,-0.32,0.6,0.18,0.04,-0.05,-0.91,-0.29,0.05
01:59:49.323,-0.22,0.43,-0.11,-0.09,0.14,0.34,-0.13,-0.23
01:59:49.378,0.45,0.4,0.04,0.09,-0.04,0.47,0.47,0.09
01:59:49.390,-0.05,-0.45,0,-0.08,-0.21,-0.69,0.13,-0.32
01:59:49.403,0.01,-0.31,-0.07,0.04,0.15,0.12,-0.14,0.07
01:59:49.415,-0.46,-0.06,-0.04,-0.06,-0.01,0.35,0.22,-0.02
01:59:49.428,-0.07,-0.04,0.12,0,-0.07,0.07,0.53,0.56
01:59:49.439,-0.15,-0.42,-0.1,-0.09,0.07,0.2,-0.68,0.04
01:59:49.498,-0.76,-0.31,-0.03,-0.05,-0.09,-0.68,-0.5,0.17
01:59:49.511,0.4,-0.21,-0.3,-0.03,0.49,1.27,-0.22,-0.46
01:59:49.523,-0.19,0.86,0.31,0.09,-0.05,0.26,0.8,1.17
01:59:49.536,-0.12,0.61,-0.22,-0.11,-0.08,-0.08,0,0.01
01:59:49.594,0.57,-0.69,-0.16,0,-0.02,0.12,-0.18,-0.1
01:59:49.609,-0.23,-0.93,0.2,0.07,0.15,-0.26,-0.61,-0.34
01:59:49.624,-0.02,-0.82,-0.06,0.06,-0.14,-0.96,0.01,0.15
01:59:49.638,-0.02,-0.82,-0.06,0.06,-0.14,-0.96,0.01,0.15
01:59:49.694,0.9,-0.59,-0.09,-0.09,-0.25,-0.52,-0.75,-0.03
01:59:49.706,-0.76,0.91,0.24,0.15,0.34,1.26,1.05,0.31
01:59:49.716,-0.25,0.44,0.14,0.08,0.09,0.28,0.28,0.3
01:59:49.728,0.23,-0.25,-0.15,-0.02,0.16,-0.44,0.13,0.08
01:59:49.743,-0.52,0.43,0.18,-0.06,-0.47,-1,-0.78,-0.45
01:59:49.799,0.65,0.24,0.06,0.19,0.24,-0.11,0.61,0.57
01:59:49.810,0.4,0.03,0.21,-0.01,0.17,1.27,0.34,0.25
01:59:49.822,0.77,-0.02,-0.2,0.01,0.25,-0.41,0.17,-0.04
01:59:49.836,-0.1,-0.73,0.08,0.09,0.02,0.98,0.7,-0.01
01:59:49.901,-0.66,0,-0.09,0.05,0.1,1.27,0.11,0
01:59:49.916,0.94,-0.35,0.11,0.1,-0.16,-0.73,-0.41,0.16
01:59:49.933,-0.47,0.12,0.07,-0.2,-0.72,-0.51,-0.1,-0.19
01:59:49.947,0.01,0.04,0.06,0.07,0.12,-0.82,0.31,0.39
01:59:50.005,-0.44,0.37,-0.1,-0.08,0.16,0.81,-0.41,0.39
01:59:50.019,-0.15,0.05,0.03,0.06,0.21,0.73,0.73,0.76
01:59:50.033,-0.24,0.05,-0.05,0.14,0.37,-0.55,0.58,-1.03
01:59:50.045,0.76,0.53,-0.2,0,-0.04,0.31,0.29,-1.16
01:59:50.056,-0.42,-0.85,0.21,0.05,0.14,0.35,0.23,0.79
01:59:50.111,-0.5,0.04,-0.08,0.01,0.02,0.37,-0.53,-0.6
01:59:50.124,0.1,0.81,-0.14,0.16,0.05,0.57,0.11,-0.64
01:59:50.136,-0.59,-0.62,0.02,-0.03,-0.1,0.11,-0.78,-0.45
01:59:50.151,-0.07,-0.49,-0.24,-0.1,-0.04,0.34,-0.23,-0.37
01:59:50.210,-0.28,-0.3,0.37,0.04,-0.09,-0.53,-0.37,-0.33
01:59:50.223,-0.08,-0.74,0.19,0.07,-0.12,-0.64,-0.46,-0.19
01:59:50.236,-0.08,-0.74,0.19,0.07,-0.12,-0.64,-0.46,-0.19
01:59:50.250,0.07,0,0.25,0.01,0.18,0.79,0.39,0.09
01:59:50.308,-0.56,-0.15,-0.18,-0.06,-0.01,-0.16,0.04,0.02
01:59:50.323,0.09,-0.03,-0.15,0.07,-0.12,0.11,0,0.06
01:59:50.335,0.1,-0.14,-0.05,-0.05,0.26,0.76,0.06,0
01:59:50.347,0.19,0.15,0.06,-0.04,-0.08,-1.27,-0.29,-0.03
01:59:50.362,0.24,0.15,0.08,0.04,0.22,-0.24,0.11,0.05
01:59:50.419,0.18,0.3,0.13,0,0.55,1.27,-0.17,-0.02
01:59:50.432,0.71,0.45,0.01,0.01,0.61,0.29,-0.1,0.02
01:59:50.444,0.33,-0.18,-0.11,0.06,0.04,0.85,-0.04,-0.06
01:59:50.459,0.33,-0.18,-0.11,0.06,0.04,0.85,-0.04,-0.06
01:59:50.517,-0.94,-0.08,0.04,-0.04,-0.36,-0.76,0.06,-0.06
01:59:50.529,0.1,-0.03,0,-0.12,0.12,0.96,0.05,-0.03
01:59:50.541,-0.05,-0.09,0.04,0.03,-0.54,-0.85,-0.03,0.08
01:59:50.557,-0.05,-0.09,0.04,0.03,-0.54,-0.85,-0.03,0.08
01:59:50.619,0.2,-0.04,-0.06,-0.04,-0.06,0.03,0.1,-0.28
01:59:50.634,0.01,0.04,0.02,0.02,0.01,0,0.08,-0.09
01:59:50.648,-0.08,-0.04,0.01,0,0.05,0.18,0,-0.22
01:59:50.660,0.06,-0.01,0.02,-0.01,-0.07,-0.06,0.15,-0.04
01:59:50.719,-0.05,-0.22,-0.12,-0.04,-0.03,-0.27,0.09,-0.09
01:59:50.736,-0.94,0.45,0.16,0.08,0.06,0.3,0.21,0.08
01:59:50.749,0.53,-0.15,0,-0.06,-0.22,0.26,0.22,0.18
01:59:50.764,0.53,-0.15,0,-0.06,-0.22,0.26,0.22,0.18
01:59:50.779,-0.49,0.26,-0.12,-0.11,-0.1,-0.77,-0.66,-0.85
01:59:50.836,0.01,-0.82,-0.29,-0.13,0.16,0.57,-0.18,-0.53
01:59:50.851,0.74,0.33,0.24,0.58,0.84,0.45,-0.15,0.98
01:59:50.866,-1.04,-1.12,0.09,-0.03,0.06,1.16,0.08,-0.74
01:59:50.880,-1.04,-1.12,0.09,-0.03,0.06,1.16,0.08,-0.74
01:59:50.963,-0.18,-0.55,-0.07,-0.12,-0.4,-0.03,0.64,-0.43
01:59:50.979,0.06,-0.35,0.07,0.03,-0.21,0.19,0.25,0.42
01:59:51.058,0.2,0.99,-0.05,-0.03,0.3,-0.82,0.56,0.7
01:59:51.075,-0.54,-0.81,-0.09,-0.26,-0.32,-0.98,-0.58,-0.26
01:59:51.092,-0.56,-0.03,-0.01,0.05,0.53,0.22,-0.69,-0.26
01:59:51.158,-0.14,0.39,-0.05,-0.02,0.14,-0.11,0.21,0.04
01:59:51.173,-0.12,-0.29,-0.26,0.07,0.56,0.67,0.6,0.1
01:59:51.188,0.24,0.42,-0.34,-0.02,0.07,0.32,-0.84,-0.35
01:59:51.261,0.55,-0.26,-0.12,0.01,0.05,-0.24,0.25,0.08
01:59:51.277,1.07,1.18,0.4,-0.01,-0.61,-0.54,-1.12,0.03
01:59:51.289,0.08,0.23,0.08,0.39,-0.59,-0.92,-0.06,-0.07
01:59:51.352,0.39,0.38,0.39,0.18,0.14,-0.17,-0.47,-0.33
01:59:51.369,-0.27,-0.58,-0.09,-0.21,-0.05,-0.21,0.35,0.07
01:59:51.386,-0.44,0.42,0.13,-0.14,0.13,0.45,0.51,0.03
01:59:51.400,-0.44,0.42,0.13,-0.14,0.13,0.45,0.51,0.03
01:59:51.478,-0.02,-0.02,0.05,-0.03,-0.04,-0.35,0.14,0.1
01:59:51.490,-0.11,-0.21,-0.05,-0.09,0.29,0.18,-0.2,-0.54
01:59:51.504,0.01,-0.06,0.17,-0.19,-0.06,0.17,0.3,-0.17
01:59:51.564,0.32,0.16,-0.19,0,0.52,-0.64,-0.03,0.66
01:59:51.578,0.32,0.16,-0.19,0,0.52,-0.64,-0.03,0.66
01:59:51.590,0.09,-0.23,0.14,0,-0.24,0.64,0.47,0.2
01:59:51.605,0.09,-0.23,0.14,0,-0.24,0.64,0.47,0.2
01:59:51.666,-0.57,0.25,0.15,0.15,0.01,-0.06,-0.96,-0.8
01:59:51.680,-0.42,-1.27,0.17,0.5,-0.18,0.21,-0.94,1.2
01:59:51.692,-0.48,-0.89,-0.12,0.21,-0.68,0.17,0.26,0.38
01:59:51.707,-0.48,-0.89,-0.12,0.21,-0.68,0.17,0.26,0.38
01:59:51.764,0.51,0.54,-0.52,-0.64,-0.78,-0.62,-0.04,-0.07
01:59:51.775,0.1,-0.63,0.21,0.07,0.55,-0.22,0.8,-0.38
01:59:51.787,-0.69,-0.74,-0.57,-0.11,0.44,1.11,-0.53,-0.51
01:59:51.800,-0.3,-0.6,0.1,0.31,-0.81,0.14,-0.14,-0.24
01:59:51.814,1.27,1.27,0.49,0.44,1.11,0.31,1.12,1.27
01:59:51.872,1.05,0.7,-0.16,0.03,0.09,-0.02,0.51,0.64
01:59:51.885,0.08,0.74,0.09,0.01,0.09,0.11,-0.6,-0.34
01:59:51.903,0.08,0.74,0.09,0.01,0.09,0.11,-0.6,-0.34
01:59:51.915,0.51,0.06,0.09,0.17,0.38,0.39,-0.58,-0.11
01:59:51.972,0.07,-0.54,-0.28,-0.05,-0.1,-0.27,-0.1,0.01
01:59:51.986,-0.72,0.71,-0.08,-0.08,-0.21,-0.64,-0.62,-0.06
01:59:51.997,-1.21,-0.44,0.11,-0.09,-0.29,0.78,-0.12,-0.48
01:59:52.013,-0.1,-0.49,0,-0.12,-0.48,-0.31,-0.89,-0.21
01:59:52.069,-0.3,-0.04,0.3,0.06,0.27,0.08,0.06,0.13
01:59:52.084,-0.3,-0.04,0.3,0.06,0.27,0.08,0.06,0.13
01:59:52.096,0.49,0.14,-0.05,0,-0.01,-0.94,0.08,0.15
01:59:52.110,0.12,0.13,-0.21,0.02,0,1.16,0.19,0.02
01:59:52.173,0.36,0.52,0.27,0,-0.03,-0.82,0.04,0.09
01:59:52.188,0.3,0.21,0.73,-0.1,0.06,0.66,0.73,0.24
01:59:52.201,0.3,0.21,0.73,-0.1,0.06,0.66,0.73,0.24
01:59:52.214,0.23,0.67,0.66,0.99,0.14,0.08,-1.25,-0.05
01:59:52.227,0.23,0.67,0.66,0.99,0.14,0.08,-1.25,-0.05
01:59:52.286,0.14,0.5,0.49,0.21,0.06,-0.92,0.37,0.06
01:59:52.300,0.97,-0.27,-1.01,-0.66,-0.09,0.68,1.02,0.17
01:59:52.315,-0.17,-0.04,-0.3,-0.19,-0.1,-0.32,-0.39,-0.14
01:59:52.374,-0.25,0.11,0.12,0.14,-0.11,0.17,0.65,0.16
01:59:52.385,-0.11,-0.18,-0.06,0,0.32,0.36,0.31,0.12
01:59:52.397,-0.11,-0.18,-0.06,0,0.32,0.36,0.31,0.12
01:59:52.411,0.03,0.09,0.04,-0.02,-0.25,-0.18,-0.12,0.05
01:59:52.426,-0.85,-0.2,-0.03,-0.02,-0.2,0.05,-0.25,-0.33
01:59:52.479,0.05,-0.43,-0.11,-0.23,0.04,0.39,0.05,-0.39
01:59:52.493,-0.03,0.15,0.21,0.7,0.03,-0.58,0.28,0.06
01:59:52.507,0.53,0.15,-0.2,-0.45,-0.01,-0.4,-0.47,-0.55
01:59:52.523,0.53,0.15,-0.2,-0.45,-0.01,-0.4,-0.47,-0.55
01:59:52.535,0.67,0.22,-0.25,0.05,-0.42,0.42,-0.37,1.04
01:59:52.596,-0.88,0.08,0.18,0,-1.24,0.8,0.9,0.89
01:59:52.612,-0.45,1.05,0,0.47,0.73,-0.97,-0.1,-0.65
01:59:52.626,0.85,0.2,0.61,0.01,-0.94,-0.62,-0.02,0.74
01:59:52.682,0.37,0.57,-0.52,-0.34,-0.21,0.67,-0.61,-0.16
01:59:52.695,-0.6,-0.99,-0.4,-0.76,-0.28,-0.17,-0.92,-0.69
01:59:52.721,-0.43,-0.17,-0.22,0.11,-0.02,0.64,0.42,0.9
01:59:52.734,0.24,0.66,0.51,-0.46,-0.1,1.06,0.62,-0.18
01:59:52.786,0.09,-0.2,-0.5,-0.09,0.23,-0.03,-0.02,0.12
01:59:52.799,-0.18,-0.47,0.16,0.47,0.86,-0.5,0,-0.14
01:59:52.812,-0.06,-0.5,-0.21,0.04,-0.19,0.02,-0.13,0
01:59:52.826,-0.06,-0.5,-0.21,0.04,-0.19,0.02,-0.13,0
01:59:52.841,0.19,-0.32,-0.17,-0.04,0.05,-0.23,-0.26,-0.02
01:59:52.898,0.03,-0.9,-0.34,0.02,-0.07,0.39,0.1,-0.08
01:59:52.912,0.19,0.56,-0.02,0.04,0.15,0.52,0.38,-0.07
01:59:52.925,0.07,0.01,0.1,0.07,-0.09,0.08,0.1,0.2
01:59:52.937,-0.05,-0.4,-0.02,0.09,0.14,-1.27,0.08,0.08
01:59:52.994,0.18,-0.23,-0.17,0,0.05,-0.44,-0.18,-0.1
01:59:53.011,0.65,0.13,0.11,-0.15,-0.6,-1.27,-0.31,-0.16
01:59:53.024,-0.42,-0.39,-0.54,0.28,-0.34,0.68,0.18,0.22
01:59:53.038,-0.27,0.3,0.03,-0.07,0.56,1.11,0.57,0.14
01:59:53.112,0.76,0.41,0.83,0.24,0.06,1.27,-0.7,-0.03
01:59:53.126,0.57,-0.29,-0.33,-0.07,0.14,0.82,-0.8,0.19
01:59:53.141,-0.37,0.08,-0.46,-1.04,-0.41,-0.78,0.04,-0.08
01:59:53.154,-1.02,0.18,-0.54,-0.37,-0.18,-0.87,-0.09,-0.15
01:59:53.212,0.14,-0.13,0.12,-0.03,0.26,1.09,0.33,-0.09
01:59:53.227,0.18,0.09,0.21,0.13,-0.08,-0.54,0.08,0.08
01:59:53.241,0.18,0.09,0.21,0.13,-0.08,-0.54,0.08,0.08
01:59:53.252,0.14,-0.04,0.14,0.07,0.04,-0.37,-0.28,0
01:59:53.306,0.08,0.03,0.19,0.17,0.1,-0.13,0.19,0.06
01:59:53.320,0.08,0.01,0.09,0.11,0.15,-0.07,0.17,-0.01
01:59:53.334,-0.05,0,0.2,0.05,0.03,-0.89,0.09,0.12
01:59:53.347,0.02,0,0,-0.16,-0.02,0.13,0.01,0.04
01:59:53.404,0.52,-0.09,-0.32,0.09,0.08,0.73,0.34,0.08
01:59:53.416,-1.07,-0.41,0.24,-0.27,-0.57,-0.72,-0.31,-0.26
01:59:53.427,-0.76,-0.19,0.34,0.06,0.15,1.27,0.28,0
01:59:53.440,-0.76,-0.19,0.34,0.06,0.15,1.27,0.28,0
01:59:53.454,0.19,-0.65,0.34,0.5,0.32,-0.69,-0.32,0.11
01:59:53.505,0.38,-0.25,0.22,-0.02,-0.54,-0.8,-0.16,-0.01
01:59:53.519,-0.78,-0.22,-0.42,0.34,0.34,0.12,-0.2,-0.35
01:59:53.532,-0.66,0.59,-0.01,0.51,0.34,1.18,0.96,-0.26
01:59:53.547,-0.66,0.59,-0.01,0.51,0.34,1.18,0.96,-0.26
01:59:53.561,0.78,-0.29,-0.42,-0.15,0.54,-0.55,-0.29,0.5
01:59:53.618,0.2,0.27,0.01,-0.05,-0.41,-0.45,-0.29,0
01:59:53.632,0.3,0.07,0.12,-0.05,0.01,-0.35,0.03,0.06
01:59:53.647,0.11,0.2,0.49,0.39,0.07,0.63,0.55,0.05
01:59:53.660,0.11,0.2,0.49,0.39,0.07,0.63,0.55,0.05
01:59:53.719,0.05,0.06,0.01,0.01,-0.04,0.07,0.11,0.14
01:59:53.732,0.02,-0.01,-0.02,-0.09,0.11,-0.06,-0.02,-0.05
01:59:53.746,0.02,-0.01,-0.02,-0.09,0.11,-0.06,-0.02,-0.05
01:59:53.757,0.01,0.02,0,-0.02,-0.07,0.41,-0.03,-0.09
01:59:53.815,-0.02,-0.02,-0.02,-0.07,0.04,-0.28,-0.02,0.01
01:59:53.831,-0.01,-0.02,-0.05,0.1,0.24,0.48,0,-0.04
01:59:53.843,0.03,0,0,-0.13,-0.36,-0.23,0.11,0.05
01:59:53.856,0,0.02,0.04,0.05,0.14,-0.33,0.02,0.01
01:59:53.915,0.04,0.02,0.02,0.03,-0.03,-0.86,0,0.03
01:59:53.930,-0.86,0.16,-0.01,-0.23,-0.11,-0.67,-0.02,-0.26
01:59:53.943,1.05,-0.69,-0.29,-0.08,0.23,0,-0.09,-0.12
01:59:53.964,-0.41,-0.58,-0.15,0.02,-0.06,0.81,-0.78,0.13
01:59:54.028,0.46,-0.1,-0.07,0.12,-0.27,0.23,0.68,0.06
01:59:54.041,0.46,-0.1,-0.07,0.12,-0.27,0.23,0.68,0.06
01:59:54.055,0.5,0.17,-0.11,-0.22,-0.32,0.27,-0.23,0.08
01:59:54.111,0.28,0.18,0.02,-0.02,-0.02,-0.5,-0.63,-0.23
01:59:54.125,0.04,0.16,0.07,-0.09,-0.54,-0.21,-0.02,-0.03
01:59:54.140,-0.07,0.07,0.03,-0.03,-0.13,-0.06,-0.26,0.04
01:59:54.158,-0.69,-0.05,0.02,-0.06,-0.1,-0.5,-0.09,0.01
01:59:54.229,0.14,-0.33,-0.01,-0.06,-0.13,-0.1,-0.11,-0.15
01:59:54.244,0.38,0.14,0.04,0.03,0.39,1.03,0.04,0.29
01:59:54.259,0.21,0.58,0.08,0.07,-0.06,-0.01,0.01,0.58
01:59:54.274,-0.05,-0.01,-0.04,-0.05,-0.38,-0.42,0.05,0.21
01:59:54.341,0,-0.28,-0.05,0.06,0.07,0.58,-0.06,-0.38
01:59:54.355,-0.76,-1.19,-0.09,0,0.09,0.49,0.18,0.59
01:59:54.370,-0.76,-1.19,-0.09,0,0.09,0.49,0.18,0.59
01:59:54.444,-0.29,0.1,0.22,0.04,0.19,0.58,0.98,0.75
01:59:54.457,1.21,-0.81,-0.08,-0.05,-0.04,-1.04,-0.06,0.52
01:59:54.473,0.05,0.5,-0.17,-0.61,-0.81,-0.5,-0.44,-1.23
01:59:54.538,-0.88,-0.92,-0.24,0.05,0.82,-0.31,-0.7,-1.01
01:59:54.552,0.09,-0.22,0.06,0.09,-0.53,0.39,0.28,0.78
01:59:54.570,0.48,0.39,0.04,-0.07,-0.19,-0.16,0.44,-0.12
01:59:54.665,-0.97,-0.33,0,0.02,0.39,-0.24,-0.19,-0.05
01:59:54.687,-0.45,-0.16,0,0,-0.02,-0.34,0.12,-0.14
01:59:54.750,-0.19,0.04,-0.04,0.03,0.59,0.8,0.27,0
01:59:54.762,0.23,0,0,0.03,0.26,0.94,0.23,0.12
01:59:54.775,0.13,0.01,0,-0.03,0,0.82,0.01,-0.06
01:59:54.788,0.13,0.01,0,-0.03,0,0.82,0.01,-0.06
